,ICMP,TCP,UDP
Logistic Regression,99.91513608534883,88.39924039320822,73.91087255024341
KNN Classifier,99.98787658362127,99.68163538873995,73.14941954812133
MLP Classifer,99.88684811379845,96.12656389633601,70.9274747222569
Decision Tree Classifier,99.98787658362127,99.82964700625557,77.71813756085383
Random Forest Classfier,99.9818148754319,99.83523235031278,77.76806890525528
